,KCC_ID,MAE,MSE,RMSE,R2
0,KCC_1,2.5685982805608782,8.310255730221844,-4.803905189369855,2.882751416654208
1,KCC_2,4.649396969848792,32.528885981252124,-77.71508304567439,5.703410030959735
2,KCC_3,5.576198657165709,41.76703308564556,-41.34889216604864,6.46274191699201
3,KCC_4,7.051071398549046,62.0887012991322,-254683.64417471256,7.879638399008688
4,KCC_5,4.384026569008351,21.411378406037738,-97.38732896219487,4.627243067533597
