User_name,X(1),X(2),X(3),X(4),X(5),X(6)
PF,0.6,0.85,-0.99,-1,-2,-0.5
Sumit,0.600000,0.850000,-0.990000,-1.000000,-2.000000,-0.500000
