kcc1,kcc2,kcc3,kcc4,kcc5,kcc6
-0.029999999329447746,0.28999999165534973,1.8799999952316284,-1.4500000476837158,-0.4000000059604645,0.7900000214576721
-0.029999999329447746,0.28999999165534973,1.8799999952316284,-1.4500000476837158,-0.4000000059604645,0.7900000214576721
-0.029999999329447746,0.28999999165534973,1.8799999952316284,-1.4500000476837158,-0.4000000059604645,0.7900000214576721
-0.029999999329447746,0.28999999165534973,1.8799999952316284,-1.4500000476837158,-0.4000000059604645,0.7900000214576721
-0.029999999329447746,0.28999999165534973,1.8799999952316284,-1.4500000476837158,-0.4000000059604645,0.7900000214576721
-0.029999999329447746,0.28999999165534973,1.8799999952316284,-1.4500000476837158,-0.4000000059604645,0.7900000214576721
